{
	"credit": "Made with Blockbench",
	"textures": {
		"0": "cubes/cube_beacon",
		"particle": "cubes/cube_beacon"
	},
	"elements": [
		{
			"from": [0.5, 0.5, 0.5],
			"to": [15.5, 15.5, 15.5],
			"faces": {
				"north": {"uv": [8.5, 0.5, 15.5, 7.5], "texture": "#0"},
				"east": {"uv": [0.5, 0.5, 7.5, 7.5], "texture": "#0"},
				"south": {"uv": [0.5, 0.5, 7.5, 7.5], "texture": "#0"},
				"west": {"uv": [0.5, 0.5, 7.5, 7.5], "texture": "#0"},
				"up": {"uv": [0.5, 0.5, 7.5, 7.5], "texture": "#0"},
				"down": {"uv": [0.5, 0.5, 7.5, 7.5], "texture": "#0"}
			}
		},
		{
			"from": [0, 0, 0],
			"to": [16, 16, 16],
			"faces": {
				"north": {"uv": [0, 8, 8, 16], "texture": "#0"},
				"east": {"uv": [8, 8, 16, 16], "texture": "#0"},
				"south": {"uv": [8, 8, 16, 16], "texture": "#0"},
				"west": {"uv": [8, 8, 16, 16], "texture": "#0"},
				"up": {"uv": [8, 8, 16, 16], "texture": "#0"},
				"down": {"uv": [8, 8, 16, 16], "texture": "#0"}
			}
		}
	],
	"display": {
		"head": {
			"translation": [0, -14.6648, 0],
			"scale": [2.28578, 2.28578, 2.28578]
		}
	}
}