{
    "tracks/1": {
      "subtitle": "Track 1",
      "sounds": [
        "tr1"
      ]
    },
    "tracks/2": {
      "subtitle": "Track 2",
      "sounds": [
        "tr2"
      ]
    },
    "tracks/3": {
        "subtitle": "Track 3",
        "sounds": [
          "tr3"
        ]
    },
    "sounds/1": {
        "subtitle": "Dound 1",
        "sounds": [
          "snd1"
        ]
    },
    "sounds/2": {
        "subtitle": "Sound 2",
        "sounds": [
          "snd2"
        ]
    },
    "sounds/3": {
        "subtitle": "Sound 3",
        "sounds": [
          "snd3"
        ]
    }
}
 