{
	"providers": [
		{
			"type": "bitmap",
			"file": "font/crosshair_noportals.png",
			"ascent": 24,
			"height": 256,
			"chars": ["\uE400"]
		},
		{
			"type": "bitmap",
			"file": "font/crosshair_onlyblue.png",
			"ascent": 24,
			"height": 256,
			"chars": ["\uE401"]
		},
		{
			"type": "bitmap",
			"file": "font/crosshair_onlyorange.png",
			"ascent": 24,
			"height": 256,
			"chars": ["\uE402"]
		},
		{
			"type": "bitmap",
			"file": "font/crosshair_allportals.png",
			"ascent": 24,
			"height": 256,
			"chars": ["\uE403"]
		},
		{
			"type": "bitmap",
			"file": "font/crosshair.png",
			"ascent": 24,
			"height": 256,
			"chars": ["\uE404"]
		},
		{
			"type": "bitmap",
			"file": "font/buttons/button_f.png",
			"ascent": 11,
			"height": 16,
			"chars": ["\uE405"]
		},
		{
			"type": "bitmap",
			"file": "font/buttons/button_q.png",
			"ascent": 11,
			"height": 16,
			"chars": ["\uE406"]
		},
		{
			"type": "bitmap",
			"file": "font/buttons/button_shift.png",
			"ascent": 11,
			"height": 16,
			"chars": ["\uE407"]
		},
		{
			"type": "bitmap",
			"file": "font/buttons/button_lmb.png",
			"ascent": 13,
			"height": 20,
			"chars": ["\uE408"]
		},
		{
			"type": "bitmap",
			"file": "font/buttons/button_rmb.png",
			"ascent": 13,
			"height": 20,
			"chars": ["\uE409"]
		},
		{
			"type": "bitmap",
			"file": "font/buttons/button_mmb.png",
			"ascent": 13,
			"height": 20,
			"chars": ["\uE40A"]
		}
	]
}
