{
  "multipart": [
    {
      "apply": {
        "model": "other/table_white_top"
      },
      "when": {
        "up": true
      }
    },
    {
      "apply": {
        "model": "other/table_white_top"
      },
      "when": {
        "up": false
      }
    },
    {
      "apply": {
        "model": "other/table_white_ne"
      },
      "when": {
        "north": "none",
        "east": "none"
      }
    },
    {
      "apply": {
        "model": "other/table_white_nw"
      },
      "when": {
        "north": "none",
        "west": "none"
      }
    },
    {
      "apply": {
        "model": "other/table_white_se"
      },
      "when": {
        "south": "none",
        "east": "none"
      }
    },
    {
      "apply": {
        "model": "other/table_white_sw"
      },
      "when": {
        "south": "none",
        "west": "none"
      }
    }
  ]
}