{
	"credit": "Made with Blockbench",
	"textures": {
		"0": "other/chair",
		"particle": "other/chair"
	},
	"elements": [
		{
			"from": [2, 8, 2],
			"to": [14, 10, 14],
			"faces": {
				"north": {"uv": [0, 6, 6, 7], "texture": "#0"},
				"east": {"uv": [0, 6, 6, 7], "texture": "#0"},
				"south": {"uv": [0, 6, 6, 7], "texture": "#0"},
				"west": {"uv": [0, 6, 6, 7], "texture": "#0"},
				"up": {"uv": [0, 0, 6, 6], "rotation": 180, "texture": "#0"},
				"down": {"uv": [6, 0, 12, 6], "texture": "#0"}
			}
		},
		{
			"from": [7, 0, 2],
			"to": [9, 2, 4],
			"rotation": {"angle": 0, "axis": "y", "origin": [8, 0, 8]},
			"faces": {
				"north": {"uv": [14, 0, 15, 1], "texture": "#0"},
				"east": {"uv": [14, 0, 15, 1], "texture": "#0"},
				"south": {"uv": [14, 0, 15, 1], "texture": "#0"},
				"west": {"uv": [14, 0, 15, 1], "texture": "#0"},
				"up": {"uv": [14, 1, 15, 2], "texture": "#0"}
			}
		},
		{
			"from": [2, 0, 7],
			"to": [4, 2, 9],
			"rotation": {"angle": 0, "axis": "y", "origin": [8, 0, 8]},
			"faces": {
				"north": {"uv": [14, 0, 15, 1], "texture": "#0"},
				"east": {"uv": [14, 0, 15, 1], "texture": "#0"},
				"south": {"uv": [14, 0, 15, 1], "texture": "#0"},
				"west": {"uv": [14, 0, 15, 1], "texture": "#0"},
				"up": {"uv": [14, 1, 15, 2], "rotation": 270, "texture": "#0"}
			}
		},
		{
			"from": [7, 0, 12],
			"to": [9, 2, 14],
			"rotation": {"angle": 0, "axis": "y", "origin": [8, 0, 8]},
			"faces": {
				"north": {"uv": [14, 0, 15, 1], "texture": "#0"},
				"east": {"uv": [14, 0, 15, 1], "texture": "#0"},
				"south": {"uv": [14, 0, 15, 1], "texture": "#0"},
				"west": {"uv": [14, 0, 15, 1], "texture": "#0"},
				"up": {"uv": [14, 1, 15, 2], "rotation": 180, "texture": "#0"}
			}
		},
		{
			"from": [12, 0, 7],
			"to": [14, 2, 9],
			"rotation": {"angle": 0, "axis": "y", "origin": [8, 0, 8]},
			"faces": {
				"north": {"uv": [14, 0, 15, 1], "texture": "#0"},
				"east": {"uv": [14, 0, 15, 1], "texture": "#0"},
				"south": {"uv": [14, 0, 15, 1], "texture": "#0"},
				"west": {"uv": [14, 0, 15, 1], "texture": "#0"},
				"up": {"uv": [14, 1, 15, 2], "rotation": 90, "texture": "#0"}
			}
		},
		{
			"from": [3, 2, 7],
			"to": [13, 3, 9],
			"rotation": {"angle": 0, "axis": "y", "origin": [8, 0, 8]},
			"faces": {
				"north": {"uv": [13, 0, 13.5, 5], "rotation": 90, "texture": "#0"},
				"east": {"uv": [13, 0, 14, 0.5], "texture": "#0"},
				"south": {"uv": [13, 0, 13.5, 5], "rotation": 90, "texture": "#0"},
				"west": {"uv": [13, 0, 14, 0.5], "texture": "#0"},
				"up": {"uv": [13, 0, 14, 5], "rotation": 90, "texture": "#0"},
				"down": {"uv": [13, 0, 14, 5], "rotation": 90, "texture": "#0"}
			}
		},
		{
			"from": [7, 2, 3],
			"to": [9, 3, 7],
			"rotation": {"angle": 0, "axis": "y", "origin": [8, 0, 8]},
			"faces": {
				"north": {"uv": [13, 3, 14, 3.5], "texture": "#0"},
				"east": {"uv": [13, 3, 13.5, 5], "rotation": 90, "texture": "#0"},
				"west": {"uv": [13, 3, 13.5, 5], "rotation": 90, "texture": "#0"},
				"up": {"uv": [13, 3, 14, 5], "rotation": 180, "texture": "#0"},
				"down": {"uv": [13, 3, 14, 5], "rotation": 180, "texture": "#0"}
			}
		},
		{
			"from": [7, 2, 9],
			"to": [9, 3, 13],
			"rotation": {"angle": 0, "axis": "y", "origin": [8, 0, 8]},
			"faces": {
				"east": {"uv": [13, 0, 13.5, 2], "rotation": 90, "texture": "#0"},
				"south": {"uv": [13, 0, 14, 0.5], "texture": "#0"},
				"west": {"uv": [13, 0, 13.5, 2], "rotation": 90, "texture": "#0"},
				"up": {"uv": [13, 0, 14, 2], "rotation": 180, "texture": "#0"},
				"down": {"uv": [13, 0, 14, 2], "rotation": 180, "texture": "#0"}
			}
		},
		{
			"from": [7, 3, 7],
			"to": [9, 8, 9],
			"faces": {
				"north": {"uv": [12, 0, 13, 2.5], "texture": "#0"},
				"east": {"uv": [12, 0, 13, 2.5], "texture": "#0"},
				"south": {"uv": [12, 0, 13, 2.5], "texture": "#0"},
				"west": {"uv": [12, 0, 13, 2.5], "texture": "#0"}
			}
		},
		{
			"from": [2, 10, 12],
			"to": [14, 22, 14],
			"rotation": {"angle": 0, "axis": "x", "origin": [8, 8, 8]},
			"faces": {
				"north": {"uv": [0, 7, 6, 13], "texture": "#0"},
				"east": {"uv": [0, 13, 6, 14], "rotation": 90, "texture": "#0"},
				"south": {"uv": [6, 7, 12, 13], "texture": "#0"},
				"west": {"uv": [0, 13, 6, 14], "rotation": 90, "texture": "#0"},
				"up": {"uv": [0, 13, 6, 14], "texture": "#0"}
			}
		},
		{
			"from": [1, 8, 7],
			"to": [2, 13, 9],
			"faces": {
				"north": {"uv": [12, 9.5, 12.5, 12], "texture": "#0"},
				"east": {"uv": [12, 7, 13, 9.5], "texture": "#0"},
				"south": {"uv": [12, 9.5, 12.5, 12], "texture": "#0"},
				"west": {"uv": [12, 7, 13, 9.5], "texture": "#0"},
				"down": {"uv": [12, 12, 12.5, 13], "texture": "#0"}
			}
		},
		{
			"from": [0, 13, 4],
			"to": [2, 14, 12],
			"faces": {
				"north": {"uv": [13, 11, 14, 11.5], "texture": "#0"},
				"east": {"uv": [14, 7, 14.5, 11], "rotation": 90, "texture": "#0"},
				"south": {"uv": [13, 11, 14, 11.5], "texture": "#0"},
				"west": {"uv": [14, 7, 14.5, 11], "rotation": 90, "texture": "#0"},
				"up": {"uv": [13, 7, 14, 11], "texture": "#0"},
				"down": {"uv": [13, 7, 14, 11], "texture": "#0"}
			}
		},
		{
			"from": [14, 8, 7],
			"to": [15, 13, 9],
			"faces": {
				"north": {"uv": [12, 9.5, 12.5, 12], "texture": "#0"},
				"east": {"uv": [12, 7, 13, 9.5], "texture": "#0"},
				"south": {"uv": [12, 9.5, 12.5, 12], "texture": "#0"},
				"west": {"uv": [12, 7, 13, 9.5], "texture": "#0"},
				"down": {"uv": [12, 12, 12.5, 13], "texture": "#0"}
			}
		},
		{
			"from": [14, 13, 4],
			"to": [16, 14, 12],
			"faces": {
				"north": {"uv": [13, 11, 14, 11.5], "texture": "#0"},
				"east": {"uv": [14, 7, 14.5, 11], "rotation": 90, "texture": "#0"},
				"south": {"uv": [13, 11, 14, 11.5], "texture": "#0"},
				"west": {"uv": [14, 7, 14.5, 11], "rotation": 90, "texture": "#0"},
				"up": {"uv": [13, 7, 14, 11], "texture": "#0"},
				"down": {"uv": [13, 7, 14, 11], "texture": "#0"}
			}
		}
	]
}