{
  "credit": "Made with Blockbench",
  "textures": {
    "0": "block/button",
    "particle": "block/button"
  },
  "elements": [
    {
      "from": [5, 0, 5],
      "to": [11, 1, 6],
      "rotation": {"angle": 0, "axis": "y", "origin": [8, 0, 8]},
      "faces": {
        "north": {"uv": [0, 6, 6, 7], "texture": "#0"},
        "east": {"uv": [5, 6, 6, 7], "texture": "#0"},
        "west": {"uv": [0, 6, 1, 7], "texture": "#0"},
        "up": {"uv": [6, 0, 12, 1], "texture": "#0"}
      }
    },
    {
      "from": [5, 0, 10],
      "to": [11, 1, 11],
      "rotation": {"angle": 0, "axis": "y", "origin": [8, 0, 8]},
      "faces": {
        "east": {"uv": [5, 6, 6, 7], "texture": "#0"},
        "south": {"uv": [0, 6, 6, 7], "texture": "#0"},
        "west": {"uv": [0, 6, 1, 7], "texture": "#0"},
        "up": {"uv": [6, 5, 12, 6], "rotation": 180, "texture": "#0"}
      }
    },
    {
      "from": [10, 0, 6],
      "to": [11, 1, 10],
      "rotation": {"angle": 0, "axis": "y", "origin": [8, 0, 8]},
      "faces": {
        "east": {"uv": [1, 6, 5, 7], "texture": "#0"},
        "up": {"uv": [11, 1, 12, 5], "rotation": 180, "texture": "#0"}
      }
    },
    {
      "from": [5, 0, 6],
      "to": [6, 1, 10],
      "rotation": {"angle": 0, "axis": "y", "origin": [8, 0, 8]},
      "faces": {
        "west": {"uv": [1, 6, 5, 7], "texture": "#0"},
        "up": {"uv": [6, 1, 7, 5], "texture": "#0"}
      }
    },
    {
      "from": [6, 1, 6],
      "to": [10, 1, 10],
      "rotation": {"angle": 0, "axis": "y", "origin": [8, 1.5, 8]},
      "faces": {
        "up": {"uv": [0, 0, 3, 3], "texture": "#0"}
      }
    }
  ]
}