{
	"credit": "Made with Blockbench",
	"ambientocclusion": false,
	"textures": {
		"0": "ui/pause_ui",
		"particle": "ui/pause_ui"
	},
	"elements": [
		{
			"from": [-16, -16, -0.01],
			"to": [32, 32, -0.01],
			"faces": {
				"south": {"uv": [0, 0, 16, 16], "texture": "#0"}
			}
		}
	],
	"display": {
		"thirdperson_righthand": {
			"scale": [0, 0, 0]
		},
		"thirdperson_lefthand": {
			"scale": [0, 0, 0]
		},
		"firstperson_righthand": {
			"translation": [-9, 8.25, 0],
			"scale": [6, 4, 1]
		},
		"firstperson_lefthand": {
			"translation": [-9, 8.5, 0],
			"scale": [6, 4, 1]
		},
		"gui": {
			"rotation": [0, 180, 0]
		}
	}
}