{
  "parent": "minecraft:item/generated",
  "textures": {
    "layer0": "minecraft:block/gray_stained_glass"
  },
  "overrides": [
    {
      "predicate": {
        "custom_model_data": 1
      },
      "model": "signs/sign_01"
    },
    {
      "predicate": {
        "custom_model_data": 2
      },
      "model": "signs/sign_02"
    },
    {
      "predicate": {
        "custom_model_data": 3
      },
      "model": "signs/sign_03"
    },
    {
      "predicate": {
        "custom_model_data": 4
      },
      "model": "signs/sign_04"
    },
    {
      "predicate": {
        "custom_model_data": 5
      },
      "model": "signs/sign_05"
    },
    {
      "predicate": {
        "custom_model_data": 6
      },
      "model": "signs/sign_06"
    },
    {
      "predicate": {
        "custom_model_data": 7
      },
      "model": "signs/sign_07"
    },
    {
      "predicate": {
        "custom_model_data": 8
      },
      "model": "signs/sign_08"
    },
    {
      "predicate": {
        "custom_model_data": 9
      },
      "model": "signs/sign_09"
    },
    {
      "predicate": {
        "custom_model_data": 10
      },
      "model": "signs/sign_10"
    },
    {
      "predicate": {
        "custom_model_data": 11
      },
      "model": "signs/sign_11"
    },
    {
      "predicate": {
        "custom_model_data": 12
      },
      "model": "signs/sign_12"
    },
    {
      "predicate": {
        "custom_model_data": 13
      },
      "model": "signs/sign_13"
    },
    {
      "predicate": {
        "custom_model_data": 14
      },
      "model": "signs/sign_14"
    },
    {
      "predicate": {
        "custom_model_data": 15
      },
      "model": "signs/sign_15"
    },
    {
      "predicate": {
        "custom_model_data": 16
      },
      "model": "signs/sign_16"
    },
    {
      "predicate": {
        "custom_model_data": 17
      },
      "model": "signs/sign_17"
    },
    {
      "predicate": {
        "custom_model_data": 18
      },
      "model": "signs/sign_18"
    },
    {
      "predicate": {
        "custom_model_data": 19
      },
      "model": "signs/sign_19"
    },
    {
      "predicate": {
        "custom_model_data": 20
      },
      "model": "signs/sign_20"
    },
    {
      "predicate": {
        "custom_model_data": 21
      },
      "model": "signs/sign_21"
    },  
    {
      "predicate": {
        "custom_model_data": 22
      },
      "model": "signs/sign_22"
    },    
    {
      "predicate": {
        "custom_model_data": 23
      },
      "model": "signs/sign_23"
    },    
    {
      "predicate": {
        "custom_model_data": 24
      },
      "model": "signs/sign_24"
    },    
    {
      "predicate": {
        "custom_model_data": 25
      },
      "model": "signs/sign_25"
    },    
    {
      "predicate": {
        "custom_model_data": 26
      },
      "model": "signs/sign_26"
    },    
    {
      "predicate": {
        "custom_model_data": 27
      },
      "model": "signs/sign_27"
    },    
    {
      "predicate": {
        "custom_model_data": 28
      },
      "model": "signs/sign_28"
    },      
    {
      "predicate": {
        "custom_model_data": 29
      },
      "model": "signs/sign_29"
    },   
    {
      "predicate": {
        "custom_model_data": 30
      },
      "model": "signs/sign_30"
    },     
    {
      "predicate": {
        "custom_model_data": 999
      },
      "model": "signs/sign_00"
    }
  ]
}