{
    "model": {
        "type": "minecraft:select",
        "property": "minecraft:custom_model_data",
        "cases": [
            {
                "when": "hoc_chest",
                "model": {
                    "type": "minecraft:special",
                    "model": {
                        "type": "minecraft:chest",
                        "texture": "christmas",
                        "openness": 0.5
                    },
                    "base": "minecraft:item/turtle_scute"
                }
            }
        ],
        "fallback": {
            "type": "minecraft:model",
            "model": "minecraft:item/turtle_scute"
        }
    }
}