{
    "customsounds/1": {
      "subtitle": "1",
      "sounds": [
        "1"
      ]
    },
    "customsounds/2": {
      "subtitle": "2",
      "sounds": [
        "2"
      ]
    },
    "customsounds/3": {
        "subtitle": "3",
        "sounds": [
          "3"
        ]
    },
    "customsounds/4": {
        "subtitle": "4",
        "sounds": [
          "4"
        ]
    },
    "customsounds/5": {
        "subtitle": "5",
        "sounds": [
          "5"
        ]
    },
    "customsounds/6": {
        "subtitle": "6",
        "sounds": [
          "6"
        ]
    },
    "customsounds/7": {
        "subtitle": "7",
        "sounds": [
          "7"
        ]
    },
    "customsounds/8": {
        "subtitle": "8",
        "sounds": [
          "8"
        ]
    },
    "customsounds/9": {
        "subtitle": "9",
        "sounds": [
          "9"
        ]
    },
    "customsounds/10": {
        "subtitle": "10",
        "sounds": [
          "10"
        ]
    },
    "customsounds/11": {
        "subtitle": "11",
        "sounds": [
          "11"
        ]
    },
    "customsounds/12": {
        "subtitle": "12",
        "sounds": [
          "12"
        ]
    },
    "customsounds/13": {
        "subtitle": "13",
        "sounds": [
          "13"
        ]
    },
    "customsounds/14": {
        "subtitle": "14",
        "sounds": [
          "14"
        ]
    },
    "customsounds/15": {
        "subtitle": "15",
        "sounds": [
          "15"
        ]
    },
    "customsounds/16": {
        "subtitle": "16",
        "sounds": [
          "16"
        ]
    },
    "customsounds/17": {
        "subtitle": "17",
        "sounds": [
          "17"
        ]
    },
    "customsounds/18": {
        "subtitle": "18",
        "sounds": [
          "18"
        ]
    },
    "customsounds/19": {
        "subtitle": "19",
        "sounds": [
          "19"
        ]
    },
    "customsounds/20": {
        "subtitle": "20",
        "sounds": [
          "20"
        ]
    },
    "customsounds/21": {
        "subtitle": "21",
        "sounds": [
          "21"
        ]
    },
    "customsounds/22": {
        "subtitle": "22",
        "sounds": [
          "22"
        ]
    },
    "customsounds/23": {
        "subtitle": "23",
        "sounds": [
          "23"
        ]
    },
    "customsounds/24": {
        "subtitle": "24",
        "sounds": [
          "24"
        ]
    },
    "customsounds/25": {
        "subtitle": "25",
        "sounds": [
          "25"
        ]
    },
    "customsounds/26": {
        "subtitle": "26",
        "sounds": [
          "26"
        ]
    },
    "customsounds/27": {
        "subtitle": "27",
        "sounds": [
          "27"
        ]
    },
    "customsounds/28": {
        "subtitle": "28",
        "sounds": [
          "28"
        ]
    },
    "customsounds/29": {
        "subtitle": "29",
        "sounds": [
          "29"
        ]
    },
    "customsounds/30": {
        "subtitle": "20",
        "sounds": [
          "30"
        ]
    }
}