{
	"credit": "Made with Blockbench",
	"textures": {
		"0": "other/camera_body",
		"1": "other/camera_front",
		"particle": "other/camera_body"
	},
	"elements": [
		{
			"from": [5, 6, 2],
			"to": [11, 11, 11],
			"rotation": {"angle": -22.5, "axis": "x", "origin": [8, 10, 8]},
			"faces": {
				"north": {"uv": [0, 0, 6, 5], "texture": "#1"},
				"east": {"uv": [0, 11, 9, 16], "texture": "#0"},
				"south": {"uv": [10, 1, 16, 6], "texture": "#0"},
				"west": {"uv": [1, 11, 10, 16], "texture": "#0"},
				"up": {"uv": [10, 7, 16, 16], "texture": "#0"},
				"down": {"uv": [10, 6, 16, 15], "texture": "#0"}
			}
		},
		{
			"from": [7, 11, 8],
			"to": [9, 15, 10],
			"rotation": {"angle": 0, "axis": "x", "origin": [8, 12.5, 8]},
			"faces": {
				"north": {"uv": [8, 4, 10, 8], "texture": "#0"},
				"east": {"uv": [8, 4, 10, 8], "texture": "#0"},
				"south": {"uv": [8, 4, 10, 8], "texture": "#0"},
				"west": {"uv": [8, 4, 10, 8], "texture": "#0"}
			}
		},
		{
			"from": [4, 15, 4],
			"to": [12, 16, 12],
			"rotation": {"angle": 0, "axis": "y", "origin": [8, 15.5, 8]},
			"faces": {
				"north": {"uv": [8, 0, 16, 1], "texture": "#0"},
				"east": {"uv": [8, 0, 16, 1], "texture": "#0"},
				"south": {"uv": [8, 0, 16, 1], "texture": "#0"},
				"west": {"uv": [8, 0, 16, 1], "texture": "#0"},
				"down": {"uv": [0, 0, 8, 8], "texture": "#0"}
			}
		},
		{
			"from": [10, 6, 1],
			"to": [11, 11, 2],
			"rotation": {"angle": -22.5, "axis": "x", "origin": [8, 10, 8]},
			"faces": {
				"north": {"uv": [10, 1, 11, 6], "texture": "#0"},
				"east": {"uv": [9, 11, 10, 16], "texture": "#0"},
				"west": {"uv": [9, 11, 10, 16], "texture": "#0"},
				"up": {"uv": [10, 15, 11, 16], "texture": "#0"},
				"down": {"uv": [15, 15, 16, 16], "texture": "#0"}
			}
		},
		{
			"from": [5, 6, 1],
			"to": [6, 11, 2],
			"rotation": {"angle": -22.5, "axis": "x", "origin": [8, 10, 8]},
			"faces": {
				"north": {"uv": [15, 1, 16, 6], "texture": "#0"},
				"east": {"uv": [0, 11, 1, 16], "texture": "#0"},
				"west": {"uv": [0, 11, 1, 16], "texture": "#0"},
				"up": {"uv": [15, 15, 16, 16], "texture": "#0"},
				"down": {"uv": [10, 15, 11, 16], "texture": "#0"}
			}
		},
		{
			"from": [6, 10, 1],
			"to": [10, 11, 2],
			"rotation": {"angle": -22.5, "axis": "x", "origin": [8, 10, 8]},
			"faces": {
				"north": {"uv": [11, 1, 15, 2], "texture": "#0"},
				"east": {"uv": [0, 0, 1, 1], "texture": "#missing"},
				"west": {"uv": [0, 0, 1, 1], "texture": "#missing"},
				"up": {"uv": [11, 15, 15, 16], "texture": "#0"},
				"down": {"uv": [11, 15, 15, 16], "texture": "#0"}
			}
		}
	],
	"display": {
		"fixed": {
			"rotation": [90, 0, 0],
			"translation": [0, 0, -16],
			"scale": [2, 2, 2]
		}
	}
}