{
	"credit": "Made with Blockbench",
	"textures": {
		"0": "other/computer_body",
		"1": "other/computer_monitor_on",
		"particle": "other/computer_body"
	},
	"elements": [
		{
			"from": [4, 0, 11],
			"to": [12, 1, 15],
			"rotation": {"angle": 0, "axis": "y", "origin": [8, 0, 8]},
			"faces": {
				"north": {"uv": [4, 14, 8, 14.5], "texture": "#0"},
				"east": {"uv": [4, 14, 6, 14.5], "texture": "#0"},
				"south": {"uv": [4, 14, 8, 14.5], "texture": "#0"},
				"west": {"uv": [4, 14, 6, 14.5], "texture": "#0"},
				"up": {"uv": [4, 16, 0, 14], "texture": "#0"}
			}
		},
		{
			"from": [0, 4, 12],
			"to": [16, 14, 14],
			"rotation": {"angle": 0, "axis": "y", "origin": [8, 0, 8]},
			"faces": {
				"north": {"uv": [0, 0, 16, 10], "texture": "#1"},
				"east": {"uv": [8, 9, 9, 14], "texture": "#0"},
				"south": {"uv": [0, 9, 8, 14], "texture": "#0"},
				"west": {"uv": [8, 9, 9, 14], "texture": "#0"},
				"up": {"uv": [10, 14, 9, 9], "rotation": 270, "texture": "#0"},
				"down": {"uv": [10, 9, 9, 14], "rotation": 90, "texture": "#0"}
			}
		},
		{
			"from": [7, 1, 13],
			"to": [9, 4, 14],
			"rotation": {"angle": 0, "axis": "y", "origin": [8, 0, 8]},
			"faces": {
				"north": {"uv": [7, 6.5, 8, 8], "texture": "#0"},
				"east": {"uv": [7, 6.5, 7.5, 8], "texture": "#0"},
				"south": {"uv": [7, 6.5, 8, 8], "texture": "#0"},
				"west": {"uv": [7, 6.5, 7.5, 8], "texture": "#0"}
			}
		},
		{
			"from": [0, 0, 3],
			"to": [16, 1, 9],
			"faces": {
				"north": {"uv": [13, 0, 13.5, 8], "rotation": 90, "texture": "#0"},
				"east": {"uv": [9.5, 8, 12.5, 8.5], "rotation": 180, "texture": "#0"},
				"south": {"uv": [12.5, 0, 13, 8], "rotation": 90, "texture": "#0"},
				"west": {"uv": [9.5, 8, 12.5, 8.5], "texture": "#0"},
				"up": {"uv": [12.5, 8, 9.5, 0], "rotation": 270, "texture": "#0"}
			}
		},
		{
			"from": [-7, 0, 2],
			"to": [-2, 13, 16],
			"faces": {
				"north": {"uv": [0, 0, 2.5, 6.5], "texture": "#0"},
				"east": {"uv": [2.5, 0, 9.5, 6.5], "texture": "#0"},
				"south": {"uv": [0, 0, 2.5, 6.5], "texture": "#0"},
				"west": {"uv": [2.5, 0, 9.5, 6.5], "texture": "#0"},
				"up": {"uv": [7, 9, 0, 6.5], "rotation": 270, "texture": "#0"}
			}
		}
	],
	"display": {
		"fixed": {
			"rotation": [-90, 0, 0],
			"translation": [0, 0, -16],
			"scale": [2, 2, 2]
		}
	},
	"groups": [
		{
			"name": "monitor",
			"origin": [3.5, 3, 8],
			"color": 0,
			"children": [0, 1, 2]
		},
		3,
		4
	]
}